From Date,PM2.5,NO,NO2,NOx,NH3,SO2,CO,Ozone,RH,WS,WD,BP,AT
2024-01-01,61.45,0.53,2.8,1.7,3.59,3.19,0.95,4.05,75.23,0.56,201.77,967.69,25.17
2024-01-02,72.78,1.85,2.98,3.32,3.59,3.25,1.07,4.12,75.95,0.59,184.1,967.01,25.04
2024-01-03,64.04,3.17,2.73,5.18,3.39,3.0,1.12,4.21,78.85,0.55,188.62,966.71,24.67
2024-01-04,45.69,3.1,2.24,4.71,3.21,3.5,1.0,4.15,82.05,0.72,188.42,966.51,24.56
2024-01-05,40.67,3.4,2.1,4.96,3.21,3.58,1.02,4.17,93.94,0.69,235.6,966.44,22.49
2024-01-06,58.23,3.17,2.48,5.0,3.23,3.57,0.22,4.08,70.27,0.53,181.61,966.04,27.75
2024-01-07,35.43,3.17,2.81,5.24,3.25,3.43,0.2,4.1,79.73,0.55,182.37,966.71,25.72
2024-01-08,28.42,3.52,2.96,5.79,3.24,3.46,0.2,3.99,86.18,0.72,186.33,967.28,24.48
2024-01-09,31.44,3.52,3.18,5.98,3.24,3.53,0.32,3.98,93.57,0.87,171.05,967.12,23.01
2024-01-10,56.56,3.44,4.04,6.56,3.24,3.57,0.37,4.0,71.63,0.67,193.87,967.55,26.23
2024-01-11,52.68,3.44,3.3,5.97,3.31,3.48,0.31,4.05,72.55,0.72,202.93,967.84,25.23
2024-01-12,55.06,3.25,2.88,5.41,3.33,6.56,0.21,4.0,72.75,0.71,201.25,967.92,24.53
2024-01-13,63.4,4.26,3.79,7.36,3.33,14.52,0.43,4.16,71.72,0.61,214.84,968.58,24.82
2024-01-14,86.89,2.99,2.13,4.49,3.39,14.38,0.31,3.97,72.6,0.66,196.68,967.66,25.76
2024-01-15,81.2,2.97,1.88,4.27,3.38,14.55,0.26,4.07,66.51,0.56,198.47,967.31,25.65
2024-01-16,70.52,3.03,1.58,4.1,3.35,14.73,0.17,4.0,83.13,0.76,212.52,967.05,22.24
2024-01-18,44.55,3.5,3.52,6.22,3.35,15.29,0.39,3.83,55.7,0.64,205.19,965.61,28.5
2024-01-19,41.28,3.1,1.72,4.29,3.39,14.68,0.14,4.15,69.79,0.68,182.62,966.5,26.98
2024-01-20,45.07,3.29,2.21,4.93,3.39,14.64,0.23,3.98,70.05,0.63,186.88,967.82,26.39
2024-01-21,53.33,3.34,3.1,5.69,3.38,14.56,0.3,3.98,65.31,0.59,205.89,967.73,26.74
2024-01-22,48.29,3.34,3.24,5.8,3.36,14.74,0.29,3.78,64.1,0.67,205.25,968.58,26.7
2024-01-23,58.49,3.23,3.46,5.84,3.37,14.89,0.36,3.84,64.13,0.58,204.3,968.29,26.32
2024-01-24,48.44,3.14,3.05,5.4,3.35,14.83,0.34,3.72,63.74,0.71,198.0,967.87,26.65
2024-01-25,44.67,3.06,2.39,4.78,3.37,14.84,0.3,3.78,62.62,0.71,192.56,968.53,26.42
2024-01-26,42.99,3.05,2.43,4.8,3.35,14.54,0.27,3.91,66.58,0.74,194.79,970.34,24.85
2024-01-27,41.23,3.28,2.85,5.41,3.33,14.43,0.43,4.02,65.88,0.76,180.31,970.19,25.82
2024-01-28,44.48,3.45,2.34,5.21,3.35,14.38,1.48,3.96,65.37,0.63,179.0,969.77,25.96
2024-01-29,57.49,3.17,2.79,5.23,3.35,14.59,1.64,4.11,66.69,0.64,179.2,969.12,25.95
2024-01-30,58.94,4.1,4.21,7.5,3.33,14.65,0.69,4.07,65.38,0.57,203.07,968.44,26.14
2024-01-31,62.83,3.15,2.81,5.2,3.37,14.57,1.06,4.0,69.99,0.61,201.22,968.43,26.78
2024-02-01,60.4,3.24,2.61,5.18,3.41,14.29,0.1,4.11,71.13,0.67,204.54,968.36,27.35
2024-02-02,47.71,3.49,3.79,6.43,3.43,13.8,0.1,4.07,71.91,0.52,194.94,967.81,27.23
2024-02-03,40.52,3.48,2.88,5.68,3.42,14.19,0.1,3.92,66.78,0.74,183.26,968.48,27.8
2024-02-04,43.44,2.98,1.79,4.21,3.43,13.71,0.1,4.06,61.5,0.65,191.16,970.18,27.16
2024-02-05,35.19,3.14,1.95,4.53,3.42,13.65,0.1,3.83,62.55,0.75,191.24,969.9,26.84
2024-02-06,62.13,2.97,2.33,4.62,3.41,14.38,0.1,4.21,47.63,0.76,197.23,968.99,29.76
2024-02-07,57.27,3.43,3.3,5.97,3.39,13.69,0.1,4.1,57.26,0.74,212.35,969.37,27.48
2024-02-08,55.5,3.46,3.85,6.44,3.35,13.94,0.96,3.85,53.59,0.77,219.34,968.44,27.84
2024-02-09,49.75,3.33,3.0,5.6,3.38,14.02,1.55,3.93,55.82,0.79,206.24,968.81,27.7
2024-02-10,62.97,3.16,1.59,4.27,3.43,13.7,1.55,3.68,65.35,0.71,188.31,970.31,26.86
2024-02-11,56.82,3.22,1.74,4.44,3.42,13.33,1.54,4.06,62.41,0.69,197.4,970.57,26.96
2024-02-12,53.02,3.56,3.34,6.14,3.38,13.39,1.54,4.13,61.33,0.78,203.9,969.89,26.49
2024-02-13,37.14,3.33,2.57,5.25,3.39,13.76,1.54,3.93,64.15,0.85,205.19,969.18,27.0
2024-02-14,41.01,3.1,1.71,4.29,3.42,13.85,1.54,4.03,66.39,0.71,185.07,968.56,27.37
2024-02-15,42.83,3.07,2.0,4.48,3.39,13.93,1.54,4.02,61.17,0.71,190.12,968.48,27.0
2024-02-16,48.18,3.24,2.37,4.98,3.39,13.71,1.54,4.04,62.27,0.76,201.08,968.82,27.08
2024-02-17,43.22,3.42,2.88,5.61,3.36,13.13,1.54,4.05,55.35,0.73,209.56,967.66,28.06
2024-02-18,39.3,3.09,1.74,4.29,3.4,13.92,1.55,3.99,57.52,0.71,192.52,966.89,28.1
2024-02-19,38.07,3.09,1.98,4.49,3.4,13.82,1.54,4.14,60.61,0.87,204.11,967.3,28.16
2024-02-20,43.61,3.14,2.66,5.09,3.37,13.61,1.54,4.06,58.37,0.88,204.49,967.3,28.41
2024-02-21,49.06,3.3,2.52,5.17,3.36,13.97,1.55,4.13,62.71,0.78,216.72,966.24,28.66
2024-02-22,39.09,3.09,2.65,5.02,3.29,14.21,1.02,3.76,67.82,0.7,209.78,966.29,28.53
2024-02-23,39.25,3.1,4.36,6.4,3.01,14.06,0.1,3.82,58.1,0.82,220.31,965.19,30.19
2024-02-24,38.53,3.28,5.03,7.15,2.93,14.61,0.1,3.66,71.04,0.78,224.12,965.72,28.05
2024-02-26,36.63,3.26,4.3,6.55,2.89,15.0,0.1,3.34,51.99,1.1,193.84,966.12,30.48
2024-02-27,38.37,3.01,4.22,6.17,2.85,15.85,0.1,3.7,52.86,0.82,197.14,966.51,30.22
2024-02-28,37.76,3.4,4.54,6.92,2.84,14.71,0.1,3.86,59.35,0.74,195.66,966.3,28.33
2024-02-29,35.59,3.41,4.52,6.91,2.85,15.46,0.15,3.99,54.46,0.79,202.61,966.59,28.88
2024-03-01,36.62,3.21,4.57,6.7,2.86,15.79,0.11,4.01,51.63,0.82,195.09,967.74,29.01
2024-03-02,48.28,4.43,8.43,11.27,2.7,15.59,0.1,4.08,54.29,0.92,220.28,967.45,27.68
2024-03-03,48.55,3.3,4.9,7.08,2.85,15.56,0.1,4.07,59.26,0.86,210.07,966.47,27.97
2024-03-04,52.97,3.44,4.72,7.1,2.87,15.3,0.1,3.94,60.69,0.79,222.54,966.2,29.0
2024-03-05,42.77,3.4,4.16,6.61,2.89,15.76,0.1,4.01,62.16,0.77,200.46,966.17,29.3
2024-03-06,41.77,2.94,3.68,5.66,2.93,13.87,0.1,4.05,32.48,1.24,255.57,966.23,35.69
2024-03-07,33.65,3.06,4.11,6.16,2.96,16.84,0.1,4.07,43.86,0.92,215.57,965.15,32.73
2024-03-08,39.98,3.63,5.44,7.92,2.89,16.32,0.1,3.85,54.77,0.69,218.86,966.1,30.04
2024-03-09,39.75,3.44,4.51,6.93,2.9,16.41,0.1,3.83,63.73,0.79,218.95,965.87,29.8
2024-03-10,43.3,3.21,3.65,5.97,2.94,16.39,0.1,3.89,65.93,0.78,212.18,967.63,29.8
2024-03-11,53.06,3.16,3.74,5.98,2.96,16.5,0.1,4.06,54.42,0.72,206.45,969.08,30.03
2024-03-12,46.81,3.44,4.65,7.07,2.93,16.18,0.1,3.79,58.24,0.78,212.03,968.6,29.6
2024-03-13,50.96,3.4,4.79,7.11,2.87,16.69,0.1,3.72,60.34,0.78,232.67,967.19,30.12
2024-03-14,44.45,3.3,3.7,6.11,2.92,16.65,0.1,3.94,68.1,0.78,221.22,966.7,30.0
2024-03-15,47.84,3.27,3.35,5.8,2.97,16.05,0.1,3.87,74.35,0.72,212.55,965.78,29.09
2024-03-16,45.58,3.44,4.46,6.91,2.91,16.56,0.1,4.02,66.97,0.78,216.67,966.21,29.68
2024-03-17,31.95,3.4,3.89,6.39,2.9,16.79,0.11,3.81,63.04,0.78,216.81,966.5,29.3
2024-03-18,32.0,3.31,4.08,6.43,2.89,16.25,0.11,3.69,64.11,0.8,216.4,966.26,29.21
2024-03-19,39.68,3.39,4.5,6.86,2.91,16.43,0.11,3.85,55.23,0.75,217.48,965.76,29.52
2024-03-20,46.5,3.54,4.5,7.05,2.89,16.4,0.1,3.78,58.38,0.78,217.98,965.46,29.55
2024-03-21,40.15,3.41,4.01,6.49,2.92,16.35,0.1,3.97,61.75,0.79,201.2,965.73,29.25
2024-03-22,39.18,3.24,3.54,5.92,2.99,16.51,0.1,3.89,63.04,0.71,197.43,964.31,29.94
2024-03-23,39.18,3.37,3.19,5.79,3.1,17.16,0.1,3.83,60.06,0.79,211.35,964.39,30.35
2024-03-24,41.68,3.65,2.78,5.81,3.1,16.08,0.1,3.87,79.83,0.5,201.31,965.47,25.97
2024-03-25,41.27,3.13,4.11,6.24,3.16,18.28,0.1,3.8,33.33,1.01,235.81,964.8,34.66
2024-03-26,46.495000000000005,3.05,3.18,5.39,3.21,18.36,0.1,4.12,43.32,0.82,207.01,966.08,33.1
2024-03-27,51.72,3.99,4.63,7.7,3.07,18.48,0.1,4.01,50.77,0.76,214.07,968.11,29.72
2024-03-28,23.02,3.74,3.58,6.56,3.18,19.78,0.1,3.95,58.38,0.76,220.37,966.42,30.72
2024-03-29,36.91,4.14,2.59,6.26,3.38,19.03,0.1,4.24,80.82,0.62,210.74,966.21,27.39
2024-03-30,32.76,3.14,2.03,4.59,3.52,22.87,1.53,4.56,44.21,0.96,221.11,966.15,33.73
2024-03-31,32.3,3.36,1.98,4.82,3.54,23.2,1.42,4.38,60.23,0.81,222.88,967.0,30.67
2024-04-01,35.02,3.97,2.37,5.86,3.5,22.56,1.31,4.45,78.79,0.56,223.2,966.03,26.91
2024-04-02,27.44,3.16,1.62,4.29,3.46,21.15,1.2,4.67,57.16,0.97,215.98,962.98,33.38
2024-04-03,34.58,3.49,2.02,5.0,3.35,24.16,1.09,4.23,60.56,0.78,223.66,964.06,32.79
2024-04-04,29.76,3.2,1.94,4.59,3.13,22.08,0.98,4.06,50.01,1.05,225.93,963.98,34.74
2024-04-05,30.84,3.3,1.56,4.41,3.12,20.91,0.87,4.3,62.43,0.82,220.14,963.87,31.89
2024-04-06,38.86,3.41,2.13,5.01,3.08,20.47,0.76,4.22,61.29,0.82,218.04,962.97,31.9
2024-04-07,34.92,3.24,1.53,4.32,3.1,20.12,0.65,4.15,59.67,0.75,212.7,962.85,31.87
2024-04-08,33.28,3.25,1.52,4.32,3.1,19.71,0.54,4.04,62.34,0.76,215.86,963.44,31.96
2024-04-09,35.78,3.34,1.92,4.75,3.06,19.63,0.42999999999999994,4.12,58.68,0.8,207.92,964.41,31.44
2024-04-10,46.88,3.27,1.97,4.7,3.06,19.54,0.32000000000000006,4.16,56.08,0.77,204.2,964.79,30.92
2024-04-11,32.57,3.35,2.11,4.92,3.05,19.8,0.20999999999999996,4.03,55.16,0.83,208.44,964.86,31.73
2024-04-12,20.52,3.32,1.62,4.48,3.07,19.15,0.1,4.05,62.24,1.04,199.05,964.89,31.3
2024-04-13,19.59,3.3,1.73,4.55,3.06,19.38,0.13277777777777777,3.99,60.68,0.91,203.4,965.16,31.13
2024-04-14,30.32,3.16,1.79,4.42,3.07,18.95,0.16555555555555557,4.07,54.77,0.87,192.99,965.27,31.6
2024-04-15,24.26,3.23,1.9,4.59,3.08,18.84,0.19833333333333333,3.88,55.29,0.94,205.33,965.78,31.43
2024-04-16,25.58,3.4,1.96,4.85,3.05,19.01,0.2311111111111111,3.99,61.37,0.78,210.0,965.08,31.36
2024-04-17,27.52,3.31,2.13,4.89,3.05,19.27,0.26388888888888884,4.05,62.32,0.88,228.44,964.19,31.81
2024-04-18,34.0,3.26,1.77,4.53,3.06,19.13,0.29666666666666663,4.05,68.78,0.73,213.1,963.11,31.21
2024-04-19,27.45,3.14,1.3,4.01,3.09,19.26,0.32944444444444443,4.29,67.45,0.77,214.75,961.76,31.69
2024-04-20,32.35,3.13,1.28,3.98,3.09,18.76,0.3622222222222222,4.13,71.14,0.73,211.51,961.32,30.66
2024-04-21,27.68,3.08,1.26,3.9,3.11,19.3,0.395,4.27,63.97,0.77,215.13,962.12,31.9
2024-04-22,19.72,3.15,1.21,3.94,3.1,17.55,0.4277777777777777,4.14,83.49,0.42,218.7,962.65,26.72
2024-04-23,31.84,3.12,2.0,4.53,3.07,20.28,0.4605555555555555,4.19,52.56,0.97,223.47,961.47,34.34
2024-04-24,25.6,3.24,2.26,4.9,3.08,21.93,0.4933333333333333,4.44,61.6,0.88,217.28,962.01,31.78
2024-04-25,31.91,3.2,2.3,4.88,3.17,23.21,0.5261111111111111,4.7,62.65,0.78,217.44,961.95,32.08
2024-04-26,33.0,3.28,2.26,4.95,3.23,25.21,0.5588888888888889,4.56,59.29,0.85,229.13,961.87,32.74
2024-04-27,25.11,41.62,2.58,13.75,4.54,30.38,0.5916666666666666,4.82,65.06,0.7,236.93,960.8,31.57
2024-04-29,8.08,3.05,2.1,4.53,3.13,27.15,0.6244444444444444,4.74,33.83,1.48,250.76,963.37,38.76
2024-04-30,20.33,3.19,2.82,5.28,3.09,25.52,0.6572222222222222,4.91,35.27,1.1,243.47,960.59,39.85
2024-05-01,19.6,3.09,1.87,4.38,3.2,30.32,0.69,4.65,44.04,1.02,240.75,960.13,38.51
2024-05-02,23.47,2.68,1.56,3.65,3.09,24.02,0.7141666666666666,4.44,46.94,1.07,246.63,960.88,38.67
2024-05-06,23.81,2.86,1.96,4.1,2.98,16.41,0.7383333333333333,5.58,48.64,0.93,210.78,961.25,33.59
2024-05-07,21.35,3.25,2.27,4.91,2.9,31.19,0.7625,4.45,61.2,0.92,218.1,963.22,31.25
2024-05-08,28.86,3.44,2.71,5.5,2.84,34.84,0.7866666666666666,3.86,65.15,0.93,219.05,963.03,31.62
2024-05-09,21.57,3.46,3.37,6.05,2.89,33.76,0.8108333333333333,4.08,68.12,0.88,228.49,962.13,30.02
2024-05-10,34.35,3.39,3.18,5.8,2.79,33.12,0.835,4.16,68.52,0.77,214.87,963.24,30.8
2024-05-11,27.9,3.37,2.87,5.54,2.83,32.56,0.8591666666666666,4.37,71.8,0.87,216.65,964.01,29.66
2024-05-12,34.85,3.3,2.61,5.24,2.85,32.83,0.8833333333333333,4.33,97.49,0.41,198.02,964.2,24.84
2024-05-13,27.52,3.1,2.81,5.16,2.86,30.36,0.9075,3.74,77.26,0.71,212.98,962.49,28.5
2024-05-14,27.38,2.95,2.88,5.04,2.88,32.62,0.9316666666666666,4.01,72.85,0.88,217.61,963.17,29.48
2024-05-15,28.215,2.85,2.52,4.56,2.89,39.78,0.9558333333333333,4.03,59.51,1.06,244.77,962.22,33.16
2024-05-16,29.05,2.94,2.43,4.68,2.98,32.02,0.98,4.0,69.25,0.56,208.94,963.55,30.32
2024-05-17,30.6,2.84,2.68,4.74,2.87,31.61,0.855,4.25,85.6,1.01,231.94,962.3,26.8
2024-05-18,25.42,2.93,2.15,4.43,2.94,32.57,0.73,4.19,90.45,1.66,102.21,961.04,26.45
2024-05-19,18.65,2.89,1.24,3.66,3.03,32.05,0.65,4.25,89.71,0.94,147.76,959.65,26.51
2024-05-20,15.41,2.79,1.61,3.83,2.98,32.03,0.59,4.28,90.45,0.48,212.51,959.45,25.04
2024-05-21,17.46,2.87,1.67,3.98,3.0,33.21,0.6666666666666666,4.4,81.19,0.56,212.27,959.34,27.31
2024-05-22,11.48,2.88,2.2,4.4,2.92,32.91,0.7433333333333333,4.23,89.31,0.98,229.7,958.13,25.72
2024-05-23,16.63,2.79,2.24,3.78,3.06,31.96,0.82,4.1,89.08,0.58,214.77,957.38,26.89
2024-05-24,18.13,3.04,1.26,3.8,3.0,32.42,0.71,4.14,93.98,0.59,207.5,957.34,25.13
2024-05-25,23.43,2.92,1.13,3.6,3.03,32.08,0.8075,4.06,81.92,0.65,193.23,958.66,26.81
2024-05-26,23.85,3.0,0.86,3.48,3.05,31.97,0.905,4.24,81.97,0.8,200.02,959.23,27.42
2024-05-27,24.59,3.01,0.92,3.55,3.04,31.55,1.0025,4.13,81.08,0.83,198.39,959.72,27.77
2024-05-28,20.86,3.0,1.13,3.7,3.02,31.29,1.1,4.18,84.16,0.76,194.28,960.21,27.08
2024-05-29,16.1,2.98,1.0,3.56,3.04,31.32,1.06,4.23,81.94,0.82,204.68,959.77,27.96
2024-05-30,18.46,2.98,1.03,3.6,3.03,30.65,1.01,4.18,81.59,0.83,211.36,960.34,28.22
2024-05-31,23.56,3.05,1.14,3.77,3.01,30.95,0.605,4.29,81.21,0.76,207.7,960.47,28.97
2024-06-01,20.54,3.08,1.36,3.99,2.99,31.0,0.2,4.22,82.6,0.74,209.59,960.87,28.68
2024-06-02,19.65,3.11,1.2,3.88,3.01,31.02,0.18,4.12,79.35,0.76,217.77,961.62,28.89
2024-06-03,20.34,3.12,1.42,4.08,2.99,31.06,0.19,4.11,81.13,0.74,215.54,962.22,28.18
2024-06-04,18.8,3.1,1.48,4.11,2.98,30.92,0.21,4.15,79.01,0.64,204.13,962.78,28.57
2024-06-05,15.9,2.96,1.1,3.62,3.05,31.0,0.15,4.12,80.49,0.71,203.63,962.97,28.33
2024-06-06,16.18,3.03,1.69,4.19,2.98,31.71,0.17,4.18,81.3,0.64,217.22,963.65,27.84
2024-06-07,10.6,2.86,1.22,3.6,3.03,31.81,0.18,4.11,81.33,0.76,220.17,962.09,27.33
2024-06-08,9.08,2.89,1.03,3.48,3.05,31.8,0.19,4.25,76.86,0.93,208.93,962.12,28.04
2024-06-09,11.83,2.84,0.81,3.24,3.08,32.12,0.2,4.3,81.04,0.84,203.63,962.05,27.08
2024-06-10,13.05,2.87,1.08,3.48,3.05,30.88,0.2,4.21,80.94,0.88,205.24,962.83,26.83
2024-06-11,12.07,2.83,0.85,3.24,3.07,31.7,0.17,4.24,80.53,0.87,198.98,962.85,27.26
2024-06-12,7.5,2.83,0.28,2.75,3.13,31.58,0.14,4.23,88.25,0.84,195.96,963.04,25.25
2024-06-13,13.66,3.01,1.33,3.87,3.01,33.21,0.14,4.27,63.28,1.09,213.04,963.6,31.93
2024-06-14,20.94,2.93,1.14,3.62,3.02,29.97,0.2,3.89,67.63,0.92,205.09,962.01,30.91
2024-06-18,15.6,2.91,1.58,3.95,2.99,31.69,0.16,3.72,74.43,0.92,206.48,961.73,28.12
2024-06-19,17.67,2.9,0.92,3.39,3.06,32.43,0.18,3.99,78.57,0.81,202.93,961.23,27.78
2024-06-20,15.82,2.97,0.79,3.36,3.07,32.22,0.17,4.11,76.34,0.82,198.48,961.33,27.68
2024-06-21,16.41,2.87,0.92,3.37,3.06,32.46,0.25,4.13,81.27,0.78,194.36,961.34,26.37
2024-06-22,15.02,2.84,0.73,3.19,3.08,32.17,0.25,4.11,79.56,0.89,198.71,959.25,26.73
2024-06-23,11.39,2.82,0.47,2.93,3.12,32.54,0.21,4.21,81.36,0.88,195.71,959.16,26.5
2024-06-24,13.86,2.84,0.75,3.12,3.09,33.08,0.22,4.27,78.2,0.93,204.73,958.73,27.19
2024-06-25,12.53,2.89,1.08,3.5,3.04,31.72,0.25,3.97,80.88,1.0,207.05,958.72,26.94
2024-06-26,10.97,2.83,0.81,2.95,2.85,32.37,0.22,4.33,89.02,0.85,202.9,959.15,25.21
2024-06-27,15.12,3.0,0.23,2.82,3.19,29.89,0.24,4.45,80.83,0.93,196.6,961.09,26.83
2024-06-28,13.02,24.39,0.24,28.18,3.22,31.1,0.25,4.43,85.11,0.79,195.42,961.48,25.75
2024-06-29,14.77,41.75,0.256,48.78,3.205,31.67,0.28,4.26,81.45,0.79,199.86,961.88,27.59
2024-06-30,13.75,41.75,0.272,48.79,3.19,31.08,0.28,4.29,83.38,0.76,197.33,962.61,27.16
2024-07-01,11.87,41.75,0.28800000000000003,48.86,3.1750000000000003,31.01,0.27,4.28,86.15,0.76,197.15,962.62,25.69
2024-07-02,14.97,41.84,0.304,49.07,3.16,30.8,0.26,4.37,80.51,0.84,206.42,961.47,27.61
2024-07-03,12.37,41.85,0.32,49.31,3.145,31.12,0.25,4.19,76.04,0.87,211.39,962.14,28.17
2024-07-04,17.84,41.68,0.17,49.05,3.13,31.46,0.24000000000000002,4.07,80.68,0.77,207.25,962.5,27.49
2024-07-05,14.15,41.68,0.02,48.98,3.1149999999999998,31.45,0.23,3.88,78.81,0.86,208.0,961.37,27.62
2024-07-06,12.92,41.57,0.03666666666666667,48.83,3.1,31.7,0.23692307692307693,4.0,78.37,0.83,198.05,960.85,26.33
2024-07-07,16.0,41.53,0.05333333333333333,48.55,3.085,32.29,0.24384615384615385,4.2,85.23,0.73,195.27,960.75,25.5
2024-07-08,13.4,26.48,0.07,30.6,3.07,31.55,0.2507692307692308,4.42,88.27,0.76,198.76,960.67,24.84
2024-07-09,15.58,3.35,0.43,2.96,4.95,31.04,0.2576923076923077,4.25,82.01,0.77,200.77,961.37,26.19
2024-07-10,14.36,3.9,0.28,3.59,6.93,30.75,0.26461538461538464,3.87,75.41,0.86,212.34,963.04,28.23
2024-07-11,16.15,4.2,0.15,3.96,6.92,33.18,0.27153846153846156,3.77,66.7,0.81,198.48,962.89,31.47
2024-07-12,7.96,3.9,0.62,3.99,6.86,31.54,0.2784615384615385,3.79,82.73,0.9,205.34,961.43,26.74
2024-07-13,7.83,3.6,0.21,3.09,7.0,31.33,0.2853846153846154,4.22,85.22,0.79,202.51,961.2,25.75
2024-07-14,5.48,3.03,0.245,2.06,7.12,30.95,0.2923076923076923,4.17,89.13,0.76,202.68,960.35,23.44
2024-07-15,3.79,3.2,0.28,2.68,7.06,31.07,0.29923076923076924,4.32,87.45,0.96,202.01,959.28,25.21
2024-07-16,5.48,3.15,0.31,2.47,7.06,31.54,0.30615384615384617,4.43,92.64,0.92,207.83,959.7,23.75
2024-07-17,3.14,3.18,0.24,2.41,7.09,30.87,0.3130769230769231,4.36,87.61,0.93,207.3,960.84,24.95
2024-07-18,5.91,3.12,0.29,2.32,7.09,31.61,0.32,4.58,88.84,0.97,207.51,961.11,24.2
2024-07-19,7.54,3.22,0.49,2.75,7.04,32.24,0.29,4.31,78.78,1.16,215.08,960.05,25.84
2024-07-20,11.65,3.02,0.49,2.6,7.06,31.42,0.2934782608695652,3.88,71.7,1.14,217.6,960.16,27.54
2024-07-21,9.2,3.0,0.665,2.09,7.12,31.53,0.2969565217391304,4.26,79.35,0.93,209.21,960.71,26.25
2024-07-22,12.19,3.01,0.84,2.83,7.0,31.2,0.3004347826086956,3.97,79.35,0.94,200.02,963.19,25.63
2024-07-23,11.3,3.05,0.15,2.22,7.1,31.94,0.30391304347826087,3.98,83.89,0.77,200.69,963.6,25.48
2024-07-24,9.8,2.96,0.27,2.53,6.99,35.89,0.3073913043478261,4.02,71.94,1.1,204.73,960.97,28.27
2024-07-25,11.65,3.14,0.27,2.57,7.06,32.46,0.3108695652173913,3.79,85.01,0.92,208.85,960.22,25.7
2024-07-26,13.37,3.3,0.58,3.2,6.98,18.67,0.3143478260869565,3.91,71.89,1.22,223.24,960.85,28.36
2024-07-27,13.4,3.38,0.74,3.16,6.99,9.62,0.3178260869565217,4.15,71.28,0.92,220.87,961.15,28.26
2024-07-28,10.46,3.06,0.23,2.58,7.06,9.77,0.32130434782608697,4.16,64.61,1.04,224.8,959.8,27.98
2024-07-29,12.37,3.08,0.67,2.56,7.06,10.19,0.3247826086956522,4.3,84.54,0.85,201.96,958.99,25.84
2024-07-30,13.9,2.92,0.13,2.17,7.1,10.2,0.3282608695652174,4.16,95.71,0.68,201.73,963.03,23.45
2024-07-31,15.27,3.08,0.1775,2.13,7.12,9.4,0.3317391304347826,4.11,87.73,0.72,201.93,963.0,25.08
2024-08-01,13.65,3.09,0.225,2.2,7.12,9.63,0.3352173913043478,4.02,83.96,0.74,200.12,962.85,26.26
2024-08-02,12.68,3.1,0.2725,1.99,7.13,9.54,0.338695652173913,4.36,84.82,0.76,197.19,962.49,25.7
2024-08-05,16.87,2.94,0.32,2.61,7.02,10.5,0.3421739130434783,3.84,76.52,0.74,200.07,963.27,28.34
2024-08-06,14.33,3.03,0.26,2.51,7.05,9.44,0.3456521739130435,4.01,82.34,0.7,196.91,962.47,26.54
2024-08-07,17.52,3.08,0.28,2.61,7.04,9.16,0.3491304347826087,3.84,82.75,0.6,201.53,962.58,26.18
2024-08-08,14.17,3.03,0.05,2.34,7.08,9.14,0.3526086956521739,4.05,85.44,0.71,197.06,963.48,25.72
2024-08-09,18.09,3.02,0.07,2.41,7.06,9.11,0.3560869565217391,4.02,81.56,0.69,202.03,963.56,26.6
2024-08-10,15.56,3.07,0.42,2.44,7.06,9.17,0.3595652173913043,3.97,82.95,0.68,205.58,963.59,27.03
2024-08-11,15.1,3.06,0.17,2.33,7.07,9.34,0.3630434782608696,4.1,80.97,0.78,211.29,961.35,27.82
2024-08-12,14.4,3.12,0.24,2.73,7.03,9.41,0.3665217391304348,3.95,82.12,0.69,203.86,960.6,28.06
2024-08-13,20.12,3.05,5.2,2.7,7.02,9.42,0.37,4.04,79.0,0.79,202.15,960.72,28.57
2024-08-14,22.25,3.04,6.87,2.74,7.02,9.42,0.33,3.91,81.65,0.71,205.23,960.24,27.98
2024-08-15,10.88,3.06,6.57,2.53,7.04,9.47,0.3,4.1,85.09,0.68,213.72,959.84,27.68
2024-08-16,17.16,3.07,6.67,2.61,7.04,9.47,0.28421052631578947,4.0,74.32,0.9,218.54,958.74,30.17
2024-08-17,12.65,3.08,6.59,2.56,7.04,9.34,0.26842105263157895,3.92,80.87,0.77,207.09,960.0,27.92
2024-08-18,6.67,3.02,6.14,2.14,7.1,9.22,0.25263157894736843,4.22,89.43,0.44,213.53,960.57,24.21
2024-08-19,17.24,3.0,6.97,2.79,6.99,9.59,0.23684210526315788,4.05,72.67,0.96,226.04,960.22,30.01
2024-08-20,8.89,3.08,6.85,2.78,7.02,10.07,0.22105263157894736,3.86,72.0,0.84,221.49,960.47,29.97
2024-08-21,10.6,3.13,6.44,2.51,7.05,9.85,0.20526315789473681,3.82,75.17,0.87,207.07,962.18,27.25
2024-08-22,5.32,3.01,6.29,2.25,7.08,9.64,0.1894736842105263,3.71,76.82,0.79,200.29,963.46,27.21
2024-08-23,6.02,3.04,6.47,2.43,7.05,9.87,0.17368421052631577,3.38,66.51,0.87,213.11,963.92,29.98
2024-08-24,4.0,2.99,6.25,2.19,7.09,9.83,0.15789473684210525,3.5,76.04,0.87,200.34,964.91,27.35
2024-08-25,4.88,3.06,6.07,2.14,7.09,9.45,0.14210526315789473,3.9,88.88,0.56,196.89,964.4,24.35
2024-08-27,3.31,3.13,6.65,2.68,7.04,10.11,0.1263157894736842,3.56,68.25,1.05,218.41,964.2,29.31
2024-08-28,7.87,3.01,6.49,2.4,7.05,9.9,0.11052631578947367,3.6,76.42,0.84,207.63,964.15,27.24
2024-08-29,11.59,3.16,6.75,2.8,7.01,10.21,0.09473684210526315,3.49,74.47,0.99,212.8,962.46,27.83
2024-08-30,10.7,3.04,6.22,2.23,7.08,9.91,0.0789473684210526,3.58,85.14,0.79,198.59,962.33,25.82
2024-08-31,12.31,3.06,6.27,2.3,7.09,9.83,0.06315789473684208,3.78,81.43,0.77,192.74,961.98,27.03
2024-09-01,10.05,1.97,6.44,4.36,6.43,7.19,0.04736842105263156,4.02,83.59,0.82,203.85,962.03,25.7
2024-09-02,12.37,2.94,6.3,2.15,7.06,10.95,0.03157894736842104,3.32,79.51,0.85,199.39,961.5,27.69
2024-09-03,13.42,3.06,6.31,2.32,7.07,10.19,0.01578947368421052,3.2,77.7,0.94,205.37,963.0,27.67
2024-09-04,14.88,3.09,6.26,2.32,7.08,10.05,0.0,3.46,79.39,0.84,200.06,963.16,27.35
2024-09-05,17.67,3.02,6.35,2.31,7.07,10.05,0.0,3.67,78.2,0.86,211.22,962.03,27.72
2024-09-06,16.5,3.09,6.38,2.45,7.06,12.56,0.0,3.44,82.08,0.73,199.08,961.99,26.86
2024-09-07,17.0,2.96,6.15,2.08,7.1,9.35,0.0,3.72,74.11,0.9,197.06,963.16,28.3
2024-09-08,17.0,3.03,6.07,2.08,7.11,9.28,0.0,3.76,80.9,0.85,201.63,963.5,26.7
2024-09-09,15.19,3.0,6.24,2.19,7.08,9.39,0.0,3.59,78.95,0.94,201.42,961.91,27.0
2024-09-10,16.79,3.14,6.68,2.71,7.02,9.63,0.0,2.7,70.48,1.48,218.81,961.15,28.86
2024-09-11,18.45,3.07,7.12,2.98,6.97,9.78,0.0,1.34,66.81,1.86,218.26,961.28,29.64
2024-09-12,14.5,3.12,6.57,2.6,7.03,9.67,0.0,4.0,75.64,0.88,206.34,963.67,27.82
2024-09-13,14.92,3.07,6.48,2.48,7.04,9.85,0.0,3.85,75.35,0.78,204.84,963.33,28.13
2024-09-14,17.86,3.09,6.39,2.42,7.06,9.65,0.0,4.01,76.11,0.76,201.56,963.0,27.51
2024-09-15,13.01,3.04,6.19,2.2,7.09,9.48,0.0,3.84,78.17,0.79,206.29,962.96,27.47
2024-09-16,16.43,3.0,6.37,2.31,7.06,9.84,0.0,3.47,76.95,0.82,211.67,963.19,27.84
2024-09-17,16.9,3.02,6.37,2.33,7.07,9.49,0.0,3.56,77.29,0.79,203.36,962.81,27.73
2024-09-18,19.57,2.99,6.49,2.38,7.05,9.61,0.0,3.64,75.62,0.75,204.58,961.57,27.61
2024-09-19,20.52,3.01,6.54,2.45,7.06,9.65,0.0,3.85,73.03,0.89,212.76,961.68,28.22
2024-09-20,21.76,3.06,6.59,2.55,7.05,9.41,0.0,3.51,72.15,0.91,205.0,961.72,28.65
2024-09-21,17.97,2.97,6.59,2.44,7.05,9.66,0.0,3.39,76.83,0.82,205.95,962.02,27.32
2024-09-22,15.98,2.99,6.32,2.24,7.08,9.63,0.0,3.84,75.61,0.79,207.06,961.26,27.45
2024-09-23,16.27,3.02,6.57,2.48,7.04,9.6,0.0,3.59,79.3,0.83,202.59,960.84,27.25
2024-09-24,14.05,3.03,6.56,2.49,7.05,9.62,0.0,3.73,79.45,0.86,202.55,960.34,26.5
2024-09-25,14.94,2.98,6.55,2.41,7.05,9.65,0.0,3.99,78.26,0.9,206.84,960.52,27.13
2024-09-26,15.67,3.03,6.62,2.54,7.04,9.58,0.0,3.8,79.32,0.77,204.55,961.11,27.28
2024-09-27,18.33,3.06,6.65,2.6,7.02,10.34,0.0,3.64,77.94,0.74,207.99,962.82,27.66
2024-09-28,25.66,3.12,6.55,2.6,7.03,9.66,0.0,4.06,79.66,0.59,208.04,963.58,27.72
2024-09-29,19.34,3.14,6.72,2.75,7.02,9.42,0.0,3.64,78.18,0.74,206.56,964.33,28.2
2024-09-30,20.06,2.75,6.38,2.85,7.0,10.99,0.12,3.74,71.47,0.67,201.57,964.12,29.08
2024-10-01,22.53,3.21,7.06,3.14,6.94,10.13,0.14909090909090908,3.55,72.73,0.75,210.79,963.08,28.94
2024-10-02,23.58,3.15,6.84,2.86,7.01,9.47,0.17818181818181816,3.44,82.18,0.61,216.88,963.59,27.91
2024-10-03,12.97,3.11,6.8,2.77,7.01,9.68,0.20727272727272728,3.76,73.82,0.72,213.63,963.78,28.94
2024-10-04,12.75,3.02,6.73,2.59,7.01,10.16,0.23636363636363636,3.77,73.6,0.63,220.38,963.56,28.54
2024-10-05,17.62,3.12,7.34,2.95,7.33,9.4,0.26545454545454544,3.91,78.89,0.58,217.75,964.12,27.7
2024-10-06,16.51,3.11,7.6,2.61,8.04,9.26,0.29454545454545455,4.62,80.45,0.59,206.66,963.95,26.97
2024-10-07,20.35,2.25,7.61,1.72,8.21,9.99,0.3236363636363636,4.56,82.12,0.63,212.27,964.52,26.53
2024-10-08,26.18,1.72,7.26,0.72,8.4,9.74,0.3527272727272727,4.71,87.73,0.52,188.3,965.06,25.95
2024-10-09,15.26,1.72,7.42,0.82,8.4,9.03,0.38181818181818183,4.74,89.21,0.6,202.66,963.49,25.5
2024-10-10,14.68,1.71,6.95,0.47,8.43,10.47,0.4109090909090909,4.54,82.98,0.64,203.69,962.31,26.31
2024-10-11,19.09,1.53,6.55,3.09,6.37,6.88,0.44,4.61,87.94,0.41,215.79,962.11,23.52
2024-10-12,12.08,0.98,4.4,3.05,4.61,5.1,0.39,4.69,76.52,0.93,211.33,960.85,26.16
2024-10-13,13.59,1.16,6.05,0.38,8.36,10.83,0.41285714285714287,5.57,98.45,3.47,106.03,963.98,22.68
2024-10-14,19.77,1.4849999999999999,4.93,0.48,8.07,10.69,0.4357142857142857,4.62,96.61,1.42,161.3,963.29,23.6
2024-10-15,12.35,1.81,5.35,0.58,8.14,12.0,0.45857142857142863,4.75,92.81,0.47,219.66,963.2,24.21
2024-10-16,14.6,1.83,5.64,35.67,8.33,11.69,0.48142857142857143,4.7,91.55,0.48,206.79,962.47,24.06
2024-10-17,11.18,1.64,5.92,0.53,8.22,11.41,0.5042857142857143,4.83,83.09,0.61,206.63,962.39,25.87
2024-10-18,13.21,1.62,6.49,0.43,8.47,21.67,0.5271428571428571,4.84,77.97,0.63,207.25,962.76,27.17
2024-10-19,25.83,1.27,5.08,2.3,6.4,9.65,0.55,4.71,82.06,0.61,203.13,963.89,26.61
2024-10-20,19.09,1.55,6.55,0.23,8.51,9.91,0.5442708333333334,4.75,83.09,0.57,205.94,965.04,26.77
2024-10-21,20.66,1.49,6.77,0.65,8.46,10.16,0.5385416666666667,4.72,89.93,0.45,209.21,964.92,25.46
2024-10-22,31.55,1.7,6.99,0.59,8.45,10.64,0.5328125,4.78,84.25,1.37,182.34,965.12,26.51
2024-10-23,20.83,1.61,6.71,0.39,8.49,10.92,0.5270833333333333,4.74,84.49,1.05,166.14,964.59,26.19
2024-10-24,22.12,1.65,7.2,0.81,8.44,10.66,0.5213541666666667,5.06,89.61,0.6,225.73,964.25,25.27
2024-10-25,17.88,1.82,7.06,0.94,8.41,10.82,0.515625,4.77,89.45,0.53,212.99,964.62,25.03
2024-10-26,24.57,1.72,6.38,0.75,8.27,10.89,0.5098958333333333,4.67,86.41,0.55,226.43,964.18,25.58
2024-10-27,19.49,1.66,6.48,0.2,8.52,10.67,0.5041666666666667,4.7,83.93,0.56,223.58,963.7,26.41
2024-10-28,37.11,1.64,6.87,0.33,8.48,10.67,0.49843750000000003,4.71,71.63,0.66,210.34,962.99,29.25
2024-10-29,50.55,1.56,7.13,0.47,8.45,10.71,0.49270833333333336,4.48,80.01,0.52,204.36,963.65,27.07
2024-10-30,59.46,1.32,4.93,0.5,6.62,8.1,0.48697916666666674,4.4,79.24,0.51,194.77,965.46,27.2
2024-10-31,89.81,1.86,2.65,1.85,3.73,3.77,0.48125000000000007,3.97,71.18,0.64,202.39,967.81,26.22
2024-11-01,46.95,1.56,4.92,0.7,8.26,8.38,0.4755208333333334,4.6,86.38,0.67,206.06,966.33,26.03
2024-11-02,24.37,1.4,6.04,0.44,8.33,10.95,0.4697916666666667,5.04,86.95,0.63,194.88,966.16,25.84
2024-11-03,20.4,1.62,6.93,0.43,8.48,10.42,0.46406250000000004,4.82,78.11,0.68,201.17,966.05,26.97
2024-11-04,31.92,2.2,7.7,1.67,8.3,10.4,0.45833333333333337,4.81,86.18,0.77,211.44,965.29,25.46
2024-11-05,34.14,2.45,7.45,1.78,8.29,10.47,0.4526041666666667,4.81,83.29,0.81,210.24,965.71,25.61
2024-11-06,56.18,2.03,7.44,1.17,8.36,10.58,0.446875,4.89,77.96,0.55,206.67,965.71,26.97
2024-11-07,50.36,1.69,7.31,0.7,8.41,10.55,0.44114583333333335,4.91,81.63,0.55,195.99,965.53,26.47
2024-11-08,36.23,1.93,7.43,1.07,8.38,10.27,0.4354166666666667,4.78,75.02,0.56,194.35,965.53,27.57
2024-11-09,38.43,2.18,7.55,1.48,8.32,10.26,0.4296875,4.96,70.8,0.69,199.92,965.61,27.43
2024-11-10,39.68,2.18,7.45,1.48,8.34,10.4,0.4239583333333334,4.93,68.54,0.63,213.39,965.55,27.32
2024-11-11,62.78,1.99,7.51,1.26,8.35,10.4,0.4182291666666667,4.91,68.39,0.56,203.12,964.63,27.45
2024-11-12,64.73,2.03,7.67,1.34,8.34,10.41,0.41250000000000003,4.75,71.93,0.61,199.42,963.7,27.43
2024-11-13,29.64,1.86,7.22,0.82,8.41,10.45,0.40677083333333336,5.03,85.53,0.6,198.29,963.18,25.59
2024-11-14,15.2,2.11,7.07,1.03,8.34,11.79,0.4010416666666667,4.96,86.79,0.64,194.58,964.66,25.52
2024-11-15,20.09,2.22,7.08,1.16,8.34,10.73,0.39531250000000007,5.06,87.28,0.75,207.32,965.31,25.73
2024-11-16,21.2,2.22,7.25,1.33,8.34,10.21,0.3895833333333334,5.06,90.01,0.68,208.17,964.76,24.93
2024-11-17,20.22,1.84,7.02,0.63,8.43,10.59,0.3838541666666667,4.89,82.8,0.66,199.81,964.56,26.11
2024-11-18,57.25,1.67,6.91,0.63,8.47,11.0,0.37812500000000004,5.17,82.96,0.76,206.92,965.14,25.61
2024-11-19,69.87,1.64,7.1,0.54,8.44,11.91,0.37239583333333337,5.23,79.1,0.71,207.5,965.68,26.04
2024-11-20,80.28,1.65,7.27,0.64,8.46,12.37,0.3666666666666667,5.25,78.55,0.76,207.92,965.57,25.47
2024-11-21,69.84,1.72,7.28,0.7,8.42,12.06,0.3609375,5.22,79.39,0.56,197.46,965.48,25.75
2024-11-22,74.48,1.67,7.06,0.49,8.45,12.17,0.35520833333333335,5.27,78.4,0.53,178.99,965.13,25.82
2024-11-23,72.7,1.72,7.45,0.81,8.4,12.44,0.3494791666666667,5.26,75.2,0.5,199.41,965.9,26.11
2024-11-24,69.5,1.75,7.2,0.67,8.42,12.33,0.34375,5.25,77.12,0.51,190.45,965.93,26.21
2024-11-25,65.87,1.72,7.21,0.63,8.43,12.46,0.3380208333333333,5.44,76.75,0.53,190.88,964.89,26.19
2024-11-26,71.93,1.73,7.31,0.72,8.42,12.54,0.3322916666666667,5.45,80.58,0.48,184.16,963.87,25.14
2024-11-27,53.19,1.72,7.23,0.68,8.4,12.76,0.32656250000000003,5.59,79.82,0.56,195.13,963.04,24.73
2024-11-28,75.65,2.33,7.9,1.9,8.26,12.87,0.32083333333333336,5.36,71.21,0.63,209.75,962.34,25.99
2024-11-29,59.73,1.95,7.75,1.31,8.34,12.91,0.3151041666666667,5.18,75.12,0.57,201.13,962.34,24.91
2024-11-30,57.78,1.99,7.4,1.14,8.37,13.13,0.309375,5.36,81.4,0.41,203.47,961.3,25.5
2024-12-01,60.05,1.74,7.07,0.59,8.43,12.9,0.3036458333333334,5.61,90.28,0.43,201.7,959.67,24.87
2024-12-02,35.98,1.64,6.95,0.52,8.51,15.37,0.2979166666666667,5.24,91.22,0.64,199.75,959.74,24.98
2024-12-03,23.99,1.7,6.99,0.52,8.44,13.44,0.29218750000000004,5.13,86.68,0.6,203.89,962.65,25.39
2024-12-04,43.05,2.43,7.67,1.91,8.26,13.47,0.28645833333333337,5.12,81.81,0.72,188.97,964.52,25.89
2024-12-05,45.33,2.43,7.44,1.66,8.29,14.14,0.2807291666666667,4.94,78.14,0.6,187.73,965.41,26.65
2024-12-06,31.93,2.59,7.25,1.75,8.25,16.87,0.275,5.09,77.63,0.56,197.49,965.55,26.79
2024-12-07,28.62,2.53,7.25,1.61,8.28,16.33,0.26927083333333335,5.03,77.05,0.54,197.33,965.18,26.94
2024-12-08,31.45,2.82,8.12,2.68,8.22,21.38,0.2635416666666667,5.4,75.18,0.6,198.88,965.32,26.43
2024-12-09,56.04,3.17,10.03,4.62,7.92,23.43,0.2578125,5.53,74.28,0.55,209.2,964.92,26.19
2024-12-10,79.6,10.07,21.88,22.49,7.12,24.09,0.2520833333333333,5.46,73.55,0.49,198.23,964.62,26.8
2024-12-11,64.24,2.88,11.25,5.25,7.82,21.88,0.2463541666666667,5.31,73.29,0.73,193.98,964.93,26.07
2024-12-12,46.19,3.26,10.06,4.74,7.86,21.65,0.24062500000000003,5.32,90.84,0.81,181.72,963.71,23.56
2024-12-13,36.04,3.25,9.51,4.31,7.93,22.3,0.23489583333333336,5.22,97.1,0.92,190.91,964.35,22.91
2024-12-14,76.92,3.12,9.33,3.96,7.96,21.71,0.22916666666666669,5.35,92.48,0.59,204.1,966.2,23.45
2024-12-15,70.64,3.0,9.38,3.89,8.01,21.3,0.2234375,5.36,76.22,0.69,212.08,966.95,24.0
2024-12-16,74.42,3.03,9.57,4.09,7.98,21.49,0.21770833333333334,5.27,73.45,0.59,224.74,966.01,24.17
2024-12-17,77.44,3.74,9.91,5.23,7.85,21.11,0.21197916666666666,5.47,71.96,0.57,231.23,964.77,25.05
2024-12-18,63.49,3.06,9.63,4.17,7.97,22.72,0.20625000000000004,5.4,74.49,0.54,220.82,963.74,26.2
2024-12-19,54.46,2.72,9.68,3.8,8.03,23.41,0.20052083333333337,5.17,75.41,0.54,212.98,963.59,27.03
2024-12-20,53.56,2.17,9.45,2.94,8.13,23.77,0.1947916666666667,5.56,77.53,0.57,206.53,963.3,27.12
2024-12-21,54.01,2.22,9.49,3.04,8.12,23.63,0.18906250000000002,5.49,79.65,0.56,205.41,964.0,26.71
2024-12-22,42.76,2.25,9.4,3.01,8.11,22.85,0.18333333333333335,5.51,80.17,0.51,211.6,964.72,25.49
2024-12-23,29.89,3.54,9.27,4.48,7.93,23.26,0.17760416666666667,5.4,68.97,0.49,224.14,964.79,25.6
2024-12-24,45.04,3.24,9.3,4.13,7.98,21.63,0.171875,5.4,71.33,0.54,231.92,964.6,25.69
2025-01-03,63.55,2.36,9.34,3.05,8.06,22.7,0.16614583333333333,5.37,60.27,0.71,197.08,966.64,26.03
2025-01-04,71.77,2.72,9.34,3.54,8.05,20.26,0.16041666666666665,5.49,69.92,0.64,211.58,966.47,23.89
2025-01-05,73.45,2.54,9.6,3.51,8.06,19.58,0.15468750000000003,5.55,71.15,0.62,220.37,966.48,23.96
2025-01-06,64.98,2.48,9.75,3.6,8.04,19.96,0.14895833333333336,5.5,71.08,0.63,224.3,966.23,23.99
2025-01-07,80.1,5.86,9.3,7.65,7.98,21.16,0.14322916666666669,5.47,71.34,0.56,215.22,966.06,23.92
2025-01-08,68.69,2.2,7.21,1.19,8.36,13.66,0.1375,4.58,72.85,0.6,190.01,965.7,25.41
2025-01-09,80.44,2.37,7.4,1.61,8.3,14.07,0.13177083333333334,4.67,72.06,0.62,191.81,966.84,23.95
2025-01-10,78.69,2.74,7.64,2.19,8.24,13.81,0.12604166666666666,4.5,73.75,0.64,200.54,967.85,24.85
2025-01-11,72.96,2.93,7.98,2.71,8.18,13.81,0.12031249999999999,4.42,75.1,0.54,189.15,968.24,25.08
2025-01-12,51.77,2.33,7.33,1.44,8.33,13.74,0.11458333333333337,4.61,71.76,0.73,183.84,967.4,26.08
2025-01-13,38.71,2.22,7.31,1.3,8.35,13.6,0.1088541666666667,4.57,77.53,0.58,190.71,966.11,25.87
2025-01-14,21.09,2.06,7.06,0.91,8.39,13.6,0.10312500000000002,4.69,78.57,0.75,178.58,967.06,25.51
2025-01-15,22.37,2.16,7.22,1.15,8.36,13.46,0.09739583333333335,4.64,74.08,0.81,186.55,967.86,25.38
2025-01-16,33.29,2.24,7.34,1.34,8.33,13.37,0.09166666666666667,4.69,69.29,0.65,191.39,967.77,25.29
2025-01-17,69.64,2.14,7.35,1.25,8.34,13.48,0.0859375,4.57,72.81,0.72,188.94,966.45,24.65
2025-01-18,73.02,2.23,7.34,1.33,8.34,13.38,0.08020833333333333,4.56,73.16,0.75,192.07,965.97,23.99
2025-01-19,48.35,2.24,7.31,1.33,8.33,13.38,0.07447916666666665,4.41,84.71,0.66,202.44,966.12,23.7
2025-01-20,32.65,2.82,7.58,2.26,8.21,13.65,0.06874999999999998,4.17,75.54,0.63,200.94,965.38,25.86
2025-01-21,62.13,2.65,8.18,2.52,8.18,13.42,0.06302083333333336,4.28,65.96,0.62,217.51,964.91,24.79
2025-01-22,66.63,2.68,8.38,2.74,8.15,13.86,0.057291666666666685,4.18,69.15,0.71,210.53,965.02,25.3
2025-01-23,65.06,2.33,7.81,1.83,8.27,13.73,0.05156250000000001,4.5,72.97,0.61,190.27,965.19,25.65
2025-01-24,41.52,2.26,7.62,1.58,8.28,15.21,0.04583333333333339,4.86,69.59,0.74,180.25,964.97,25.32
2025-01-25,44.69,2.57,7.84,2.23,8.19,14.53,0.04010416666666672,4.9,68.88,0.73,207.91,965.46,25.44
2025-01-26,39.55,2.18,7.61,1.5,8.32,13.65,0.034375000000000044,4.79,61.63,0.73,193.93,965.33,25.61
2025-01-27,41.98,2.32,7.62,1.67,8.29,13.84,0.02864583333333337,4.77,63.29,0.65,207.28,964.87,25.15
2025-01-28,64.54,2.4,8.11,2.16,8.24,13.86,0.022916666666666696,4.96,61.84,0.66,206.81,965.32,25.32
2025-01-29,77.46,2.37,8.38,2.33,8.21,14.08,0.017187500000000022,5.1,63.26,0.8,201.91,966.04,25.92
2025-01-30,66.6,2.54,8.47,2.61,8.18,14.9,0.011458333333333348,5.29,70.55,0.68,202.1,965.76,26.16
2025-01-31,55.74,3.04,8.82,3.5,8.07,15.91,0.005729166666666674,5.65,72.88,0.65,197.83,965.02,27.16
2025-02-01,39.92,2.53,8.39,2.53,8.18,16.47,0.0,5.76,68.87,0.67,190.39,965.67,27.53
2025-02-02,34.99,2.36,8.49,2.41,8.2,17.05,0.0,5.53,65.62,0.7,196.31,965.77,27.64
2025-02-03,42.88,2.48,8.47,2.52,8.16,18.05,0.0,5.51,64.09,0.61,189.12,966.32,26.22
2025-02-04,54.91,2.73,9.1,3.36,8.06,18.42,0.0,5.17,51.67,0.76,219.99,966.54,26.6
2025-02-05,73.2,2.57,9.69,3.65,8.04,21.65,0.0,5.71,55.8,0.79,216.35,965.79,26.52
2025-02-06,65.75,2.77,8.85,3.23,8.08,18.21,0.0,5.39,58.75,0.79,218.04,965.45,26.31
2025-02-07,54.88,2.69,8.58,2.89,8.14,17.54,0.0,5.16,55.71,0.73,192.99,966.75,26.11
2025-02-08,62.69,2.79,8.57,2.99,8.12,17.56,0.0,5.57,54.38,0.8,210.35,966.7,26.37
2025-02-09,71.15,2.49,8.6,2.65,8.17,17.66,0.0,5.56,58.36,0.76,206.24,966.17,26.85
2025-02-10,76.23,2.49,8.71,2.74,8.14,17.88,0.0,5.2,60.4,0.7,204.57,967.16,26.42
2025-02-11,61.5,2.44,8.97,2.89,8.15,17.73,0.0,5.35,56.6,0.66,207.69,967.42,26.41
2025-02-12,55.51,2.62,9.24,3.32,8.08,17.76,0.0,5.38,58.84,0.87,215.72,967.1,26.85
2025-02-13,48.39,2.84,9.64,3.95,8.0,18.39,0.0,5.43,49.51,0.81,227.18,966.82,27.46
2025-02-14,53.46,2.41,9.3,3.17,8.1,24.49,0.0,5.44,49.85,0.79,227.9,966.08,27.5
2025-02-15,73.1,2.7,8.75,3.02,8.09,9.81,0.0,5.42,54.96,0.61,225.79,963.39,27.41
2025-02-16,52.5,2.54,8.55,2.68,8.16,1.33,0.0,5.35,48.95,0.86,219.39,964.87,27.47
2025-02-17,74.06,4.22,8.09,4.38,8.12,4.91,0.0,5.26,59.68,0.72,203.13,966.77,26.96
2025-02-18,59.83,3.78,8.68,4.38,7.97,4.61,0.0,5.21,54.11,0.7,220.02,966.77,27.26
2025-02-19,57.34,3.62,9.16,4.51,7.93,2.73,0.0,5.35,55.81,0.75,224.41,964.21,27.68
2025-02-20,39.57,3.61,8.57,4.0,7.99,3.42,0.0,5.14,60.13,0.73,210.25,964.67,27.92
2025-02-21,45.11,3.37,8.26,3.46,8.07,3.61,0.0,5.28,57.33,0.79,212.23,967.55,28.05
2025-02-22,34.55,3.05,7.49,2.71,8.23,4.06,0.0,5.31,60.6,0.73,200.35,966.18,27.91
2025-02-23,23.68,3.09,7.49,2.5,8.23,4.52,0.0,5.18,57.65,0.84,201.39,967.89,28.54
2025-02-24,28.93,2.92,7.23,2.41,8.26,10.59,0.0,5.1,55.7,0.9,209.89,967.33,27.49
2025-02-25,35.62,4.81,9.38,6.13,8.02,14.26,0.0,5.4,46.43,1.11,193.83,968.28,31.04
2025-02-26,47.59,3.51,8.94,4.2,7.94,8.26,0.0,5.35,52.31,0.82,201.47,968.59,28.34
2025-02-27,44.21,3.1,8.66,3.45,8.06,8.11,0.0,5.39,50.74,0.79,201.07,967.43,28.39
2025-02-28,30.31,3.14,8.3,3.26,8.09,8.55,0.0,5.18,60.6,0.9,184.91,966.51,28.48
2025-03-01,31.44,3.28,8.04,3.17,8.1,7.5,0.0,5.4,64.73,0.87,187.85,965.32,29.32
2025-03-02,33.58,3.52,7.68,3.18,8.09,7.05,0.0,4.96,67.61,0.75,195.99,964.91,28.6
2025-03-03,32.88,3.81,7.93,3.73,8.03,7.17,0.0,5.11,66.26,0.77,209.36,965.1,29.24
2025-03-04,35.69,3.98,8.23,4.18,7.97,7.48,0.0,5.13,52.55,0.81,215.97,965.14,30.26
2025-03-05,41.73,3.65,8.3,3.84,8.01,7.28,0.0,5.15,52.95,0.8,220.02,965.31,29.72
2025-03-06,53.21,2.9,7.9,2.59,8.17,7.4,0.0,5.04,63.79,0.72,218.01,965.7,30.1
2025-03-07,54.63,2.99,7.83,2.65,8.17,7.31,0.0,5.85,61.61,0.85,223.64,964.57,29.64
2025-03-08,55.81,3.27,8.16,3.26,8.09,7.08,0.0,4.94,66.08,0.86,224.58,963.51,29.48
2025-03-09,46.2,3.03,7.99,2.84,8.12,7.06,0.0,5.25,58.19,0.83,199.65,964.05,29.54
2025-03-10,36.59,3.17,7.71,2.83,8.13,8.93,0.0,5.38,57.82,0.82,201.31,966.11,27.93
2025-03-11,35.05,3.47,7.56,3.02,8.1,8.1,0.0,5.03,74.54,0.53,181.19,965.33,25.2
2025-03-12,18.12,3.5,7.56,3.06,8.08,4.59,0.0,4.94,89.38,0.84,221.42,965.52,24.79
2025-03-13,21.11,3.61,7.31,2.99,8.11,5.04,0.0,5.21,72.99,0.76,219.37,964.84,27.81
2025-03-14,36.99,4.16,7.78,4.04,7.98,6.22,0.0,5.08,63.89,0.67,217.72,965.17,28.51
2025-03-15,47.84,4.13,7.97,4.16,7.98,6.22,0.0,6.62,60.04,0.79,211.26,965.68,28.52
2025-03-16,24.68,3.67,7.88,3.53,8.04,7.02,0.0,6.28,65.1,0.84,223.5,965.92,29.02
2025-03-17,27.12,3.55,7.98,3.45,8.05,8.0,0.0,5.94,77.95,0.67,220.08,965.37,27.7
2025-03-18,31.48,3.85,7.88,3.78,8.01,6.93,0.0,5.3,68.98,0.82,224.33,965.29,29.31
2025-03-19,22.09,4.19,8.1,4.33,7.95,6.66,0.0,5.01,67.57,0.83,211.5,966.93,29.63
2025-03-20,19.95,3.61,7.79,3.38,8.07,6.73,0.0,5.042,62.75,0.82,205.15,968.29,29.87
2025-03-21,23.68,3.67,7.93,3.56,8.05,6.78,0.0,5.074,65.85,0.87,209.73,968.28,29.97
2025-03-22,24.46,3.53,7.97,3.41,8.05,7.3,0.0,5.106,66.86,0.79,203.82,967.33,29.38
2025-03-23,20.18,3.4,7.89,3.2,8.1,6.47,0.0,5.138,66.02,0.73,207.26,967.17,29.74
2025-03-24,29.0,8.08,8.1,9.32,8.16,7.87,0.0,5.17,67.77,0.66,203.77,966.73,29.33
2025-03-25,31.32,3.3,7.79,3.01,8.1,7.33,0.0,10.81,62.52,0.77,209.02,964.41,30.27
2025-03-26,42.17,2.94,7.7,2.49,8.18,6.71,0.0,10.81,62.98,0.86,225.31,963.29,29.95
2025-03-27,38.57,2.7,7.37,1.94,8.26,6.47,0.0,10.81,66.85,0.67,215.42,963.12,29.77
2025-03-28,40.92,2.75,7.32,2.06,8.25,6.36,0.0,10.81,65.6,0.7,213.79,962.59,30.56
2025-03-29,41.76,2.74,7.32,1.96,8.25,6.57,0.0,10.81,61.6,0.73,217.84,962.49,30.67
2025-03-30,47.12,3.13,8.07,3.01,8.12,6.04,0.0,10.81,45.91,0.8,234.65,963.71,30.45
2025-03-31,44.5,3.05,7.84,2.73,8.16,5.55,0.0,10.81,61.17,0.86,222.41,963.51,29.0
2025-04-01,46.91,2.75,7.71,2.26,8.22,5.3,0.0,10.81,67.99,0.75,212.25,962.88,29.48
2025-04-02,42.92,2.84,7.61,2.3,8.22,5.2,0.0,10.81,67.29,0.92,213.38,963.74,29.1
2025-04-03,30.1,3.37,7.57,2.91,8.13,4.99,0.0,10.81,76.27,0.75,209.8,965.79,27.98
2025-04-04,20.01,3.86,7.67,3.58,8.05,4.87,0.0,10.81,77.01,0.89,216.49,965.65,27.89
2025-04-05,16.08,3.31,7.64,2.89,8.14,4.52,0.0,10.81,83.57,1.36,154.47,965.04,26.32
2025-04-06,22.87,3.39,7.64,2.98,8.12,4.62,0.0,10.81,76.79,0.73,217.06,963.93,28.36
2025-04-07,30.69,3.9,8.02,3.92,8.0,4.64,0.0,10.81,69.66,0.67,218.92,964.17,28.94
2025-04-08,34.74,4.09,8.01,4.13,7.97,5.24,0.0,10.81,71.36,0.78,218.68,964.84,30.04
2025-04-09,37.54,3.73,8.1,3.77,8.02,5.47,0.0,10.81,67.51,0.77,221.1,964.36,29.92
2025-04-10,30.5,3.16,8.0,2.98,8.13,5.61,0.0,10.81,73.92,0.73,212.1,962.6,29.04
2025-04-11,31.94,3.13,8.09,3.03,8.1,5.75,0.0,10.81,73.49,0.71,202.45,962.54,29.05
2025-04-12,31.4,3.46,8.3,3.59,8.04,5.79,0.0,10.81,76.88,0.83,216.91,963.24,27.87
2025-04-13,33.36,3.48,7.94,3.34,8.08,5.4,0.0,10.81,76.39,0.66,209.87,963.75,28.21
2025-04-14,52.76,3.67,8.23,3.8,8.01,5.36,0.0,10.81,68.59,0.77,221.03,963.46,29.57
2025-04-15,31.92,3.03,8.24,3.02,8.12,5.28,0.0,10.81,62.82,0.98,229.3,964.01,29.25
2025-04-16,38.59,3.11,7.98,2.91,8.14,5.44,0.0,10.81,70.65,0.83,220.77,964.05,29.59
2025-04-17,37.79,3.1,7.8,2.76,8.15,5.62,0.0,10.81,74.31,0.72,216.19,963.39,29.87
2025-04-18,34.84,3.3,7.77,2.98,8.12,5.66,0.0,10.81,73.89,0.75,217.49,962.92,29.81
2025-04-19,31.8,3.32,7.72,2.97,8.13,5.57,0.0,10.81,73.0,0.7,211.44,962.63,29.43
2025-04-20,28.67,3.11,7.61,2.62,8.18,5.61,0.0,10.81,70.58,0.74,216.68,962.88,29.97
2025-04-21,33.99,3.1,7.46,2.49,8.2,5.53,0.0,10.81,71.88,0.8,216.58,964.15,30.2
2025-04-22,35.96,3.25,7.57,2.75,8.15,5.93,0.0,10.81,71.04,0.74,216.06,965.14,30.07
2025-04-23,36.91,2.93,7.56,2.37,8.19,5.03,0.0,10.81,73.34,0.81,220.47,963.81,30.12
2025-04-24,32.35,3.07,7.39,2.42,8.17,5.88,0.0,10.81,71.5,0.75,218.24,962.69,30.03
2025-04-25,31.49,3.45,7.51,2.96,8.13,5.36,0.0,10.81,71.68,0.78,217.89,962.68,30.25
2025-04-26,42.07,3.24,7.58,2.75,8.15,5.48,0.0,10.81,70.64,0.82,219.28,962.8,30.38
2025-04-27,30.51,3.05,7.57,2.51,8.16,5.43,0.0,10.81,68.65,0.9,223.77,963.47,30.39
2025-04-28,26.16,2.98,7.48,2.37,8.2,5.49,0.0,10.81,66.73,0.76,221.59,962.77,30.3
2025-04-29,31.08,2.66,7.11,1.68,8.31,5.33,0.0,10.81,65.76,0.83,230.42,962.35,30.6
2025-04-30,31.27,2.43,7.05,1.34,8.35,5.83,0.0,10.81,54.53,1.16,253.84,963.27,34.98
2025-05-01,28.85,2.35,7.01,1.23,8.38,5.47,0.0,10.81,61.9,0.9,229.16,963.58,31.77
2025-05-02,36.78,2.59,7.32,1.74,8.26,5.76,0.0,10.81,77.42,0.78,219.79,963.57,27.94
2025-05-03,29.81,2.7,7.19,1.79,8.28,4.86,0.0,10.81,71.94,0.8,219.01,963.37,29.02
2025-05-04,20.01,2.64,7.09,1.63,8.31,4.89,0.0,10.81,71.99,0.83,217.92,962.35,29.61
2025-05-05,16.04,3.03,7.55,2.48,8.18,4.66,0.0,10.81,74.44,0.75,216.25,962.62,28.42
2025-05-06,28.31,3.12,7.41,2.57,8.11,6.15,0.0,10.81,83.42,0.75,218.39,962.6,27.75
2025-05-07,34.76,3.42,7.32,2.77,8.15,4.07,0.0,10.81,76.88,0.75,218.38,962.29,28.63
2025-05-08,30.03,3.34,7.16,2.55,8.17,4.04,0.0,10.81,70.78,0.74,216.41,962.75,29.41
2025-05-09,30.13,3.32,7.07,2.45,8.18,4.33,0.0,10.81,66.77,0.77,216.09,963.22,29.8
2025-05-10,27.63,3.23,7.07,2.34,8.2,4.12,0.0,10.81,66.26,0.74,211.46,963.43,29.69
2025-05-11,23.14,3.1,7.12,2.22,8.23,4.17,0.0,10.81,67.58,0.89,216.55,962.62,29.56
2025-05-12,20.43,2.91,7.02,1.91,8.26,4.25,0.0,10.81,68.51,0.78,208.48,961.41,30.11
2025-05-13,18.63,2.95,7.1,2.02,8.24,4.38,0.0,10.81,70.19,0.81,216.94,961.24,30.27
2025-05-14,23.51,3.13,7.09,2.23,8.2,4.25,0.0,10.81,79.15,0.76,216.78,961.71,28.34
2025-05-15,21.16,3.33,7.06,2.45,8.19,4.09,0.0,10.81,79.72,0.69,216.18,962.25,28.48
2025-05-16,21.84,3.18,6.98,2.2,8.21,4.05,0.0,10.81,72.65,0.71,213.45,961.82,29.29
2025-05-17,26.55,3.4,7.05,2.55,8.15,4.49,0.0,10.81,78.77,0.59,200.12,961.79,28.34
2025-05-18,18.99,3.65,6.98,2.76,8.14,4.17,0.0,10.81,88.64,1.16,176.0,960.4,26.2
